Pin,Topic,Image Type,Status
1,Homepage Schema Explained,Infographic,Pending
2,What Is Homepage Schema?,Illustration,Pending
3,Why Homepage Schema Matters,Visual Explanation,Pending
4,Homepage Schema Decision Tree,Flowchart,Pending
5,Which Homepage Schema Should You Use?,Decision Tree,Pending
6,Homepage Schema Checklist,Checklist,Pending
7,"10 Homepage Schema Types",Comparison Chart,Pending
8,Ecommerce Homepage Schema,Card,Pending
9,SaaS Homepage Schema,Card,Pending
10,Local Business Homepage Schema,Card,Pending
11,Organization Schema,Card,Pending
12,Blog Homepage Schema,Card,Pending
13,Portfolio Schema,Card,Pending
14,Marketplace Schema,Card,Pending
15,Educational Website Schema,Card,Pending
16,Homepage Schema Mistakes,Checklist,Pending
17,JSON-LD vs Microdata,Comparison,Pending
18,Homepage Schema FAQ,Carousel style,Pending
19,Rich Results Benefits,Infographic,Pending
20,Homepage Schema Summary,Cheat Sheet,Pending
